NIBRS Code Name,Report Date,Location,Victim Count,Crime Against,Was a firearm involved?,Longitude,Latitude,Severity Score
Motor Vehicle Theft,10/10/2023 5:31:26 AM,230 BILL KENNEDY WAY SE,1.0,PROPERTY,N,-84.358111,33.744561,0.2331
Aggravated Assault,10/10/2023 5:36:26 AM,884 SIMS ST SW,3.0,PERSON,Y,-84.402968,33.730767,0.5994
Aggravated Assault,10/10/2023 6:09:30 AM,2164 CAMPBELLTON RD SW,1.0,PERSON,Y,-84.458827,33.705614,0.5994
Aggravated Assault,10/10/2023 7:06:13 AM,1005 BALDWIN ST SW,1.0,PERSON,N,-84.420629,33.746502,0.2664
Theft From Motor Vehicle,10/10/2023 7:09:45 AM,889 RALPH D ABERNATHY BLVD SW,1.0,PROPERTY,N,-84.416788,33.738444,0.0999
Simple Assault,10/10/2023 7:39:09 AM,1058 OGLETHORPE AVE SW,1.0,PERSON,N,-84.422314,33.735383,0.1332
Aggravated Assault,10/10/2023 8:13:22 AM,50 MOUNT ZION RD SW,1.0,PERSON,N,-84.389948,33.669825,0.2664
Simple Assault,10/10/2023 8:15:19 AM,177 MOURY AVE SW,1.0,PERSON,N,-84.390301,33.713509,0.1332
Shoplifting,10/10/2023 8:15:25 AM,350 MORELAND AVE NE,0.0,PROPERTY,N,-84.349701,33.763773,0.1332
Aggravated Assault,10/10/2023 8:24:00 AM,2612 STEELE AVE SW,1.0,PERSON,N,-84.396057,33.68193,0.2664
Simple Assault,10/10/2023 8:48:24 AM,1091 REBEL FOREST DR SE,2.0,PERSON,N,-84.356391,33.686129,0.1332
Aggravated Assault,10/10/2023 10:00:50 AM,343 JOSEPH E LOWERY BLVD SW,1.0,PERSON,Y,-84.417823,33.745697,0.5994
Burglary/Breaking & Entering,10/10/2023 10:16:44 AM,711 INDIGO LN NW,1.0,PROPERTY,N,-84.480713,33.773802,0.1998
Destruction/Damage/Vandalism of Property,10/10/2023 10:32:30 AM,1720 JASMINE CIR NW,1.0,PROPERTY,N,-84.44792,33.79271,0.1665
Simple Assault,10/10/2023 10:44:36 AM,1205 METROPOLITAN AVE SE,1.0,PERSON,N,-84.348045,33.741468,0.1332
False Pretenses/Swindle/Confidence Game,10/10/2023 11:22:09 AM,226 PEACHTREE ST SW,1.0,PROPERTY,N,-84.394417,33.748137,0.1998
False Pretenses/Swindle/Confidence Game,10/10/2023 11:42:08 AM,1989 CHESHIRE BRIDGE RD NE,0.0,PROPERTY,N,-84.357982,33.810533,0.1998
Simple Assault,10/10/2023 11:43:57 AM,687 S EVELYN PL NW,1.0,PERSON,N,-84.445441,33.773786,0.1332
Theft From Motor Vehicle,10/10/2023 11:48:06 AM,1710 WILMA DR NW,1.0,PROPERTY,N,-84.447572,33.79182,0.0999
All Other Larceny,10/10/2023 12:17:14 PM,1870 MYRTLE DR SW,1.0,PROPERTY,N,-84.454856,33.704759,0.1665
False Pretenses/Swindle/Confidence Game,10/10/2023 12:22:12 PM,41 IRBY AVE NW,1.0,PROPERTY,N,-84.380256,33.841553,0.1998
Drug/Narcotic Violations,10/10/2023 12:24:04 PM,8700 SPINE RD,0.0,SOCIETY,N,-84.439199,33.640881,0.1665
Motor Vehicle Theft,10/10/2023 12:37:22 PM,951 AMBIENT WAY SW,1.0,PROPERTY,N,-84.502272,33.747226,0.2331
Destruction/Damage/Vandalism of Property,10/10/2023 12:37:22 PM,951 AMBIENT WAY SW,1.0,PROPERTY,N,-84.502272,33.747226,0.1665
Motor Vehicle Theft,10/10/2023 12:37:36 PM,1073 HOLLYWOOD RD NW,1.0,PROPERTY,N,-84.460297,33.784281,0.2331
Destruction/Damage/Vandalism of Property,10/10/2023 12:37:36 PM,1073 HOLLYWOOD RD NW,1.0,PROPERTY,N,-84.460297,33.784281,0.1665
False Pretenses/Swindle/Confidence Game,10/10/2023 12:48:55 PM,2900 PEACHTREE RD NW,1.0,PROPERTY,N,-84.383802,33.835102,0.1998
Theft From Motor Vehicle,10/10/2023 12:49:20 PM,123 MARIETTA ST NW,2.0,PROPERTY,N,-84.392722,33.757421,0.0999
False Pretenses/Swindle/Confidence Game,10/10/2023 12:51:42 PM,4340 GLOBAL GATEWAY CONN,0.0,PROPERTY,N,-84.466298,33.638308,0.1998
Impersonation,10/10/2023 1:02:16 PM,1845 PIEDMONT AVE NE,1.0,PROPERTY,N,-84.366262,33.806222,0.1332
Theft From Motor Vehicle,10/10/2023 1:06:30 PM,1989 CHESHIRE BRIDGE RD NE,1.0,PROPERTY,N,-84.357967,33.810533,0.0999
Motor Vehicle Theft,10/10/2023 1:12:33 PM,1073 HOLLYWOOD RD NW,1.0,PROPERTY,N,-84.460297,33.784281,0.2331
Credit Card/Automated Teller Machine Fraud,10/10/2023 1:41:02 PM,925 CANTERBURY RD NE,1.0,PROPERTY,N,-84.358043,33.825072,0.1665
False Pretenses/Swindle/Confidence Game,10/10/2023 1:44:05 PM,4340 GLOBAL GATEWAY CONN,0.0,PROPERTY,N,-84.466298,33.638308,0.1998
All Other Larceny,10/10/2023 1:45:34 PM,609 VIRGINIA AVE NE,1.0,PROPERTY,N,-84.365836,33.781297,0.1665
Theft From Motor Vehicle,10/10/2023 1:47:27 PM,3802 ROSWELL RD NE,1.0,PROPERTY,N,-84.381115,33.858501,0.0999
Burglary/Breaking & Entering,10/10/2023 1:52:13 PM,472 LATTA ST NE,1.0,PROPERTY,N,-84.372743,33.767246,0.1998
Motor Vehicle Theft,10/10/2023 1:58:33 PM,405 FAIRBURN RD SW,1.0,PROPERTY,N,-84.513466,33.744593,0.2331
False Pretenses/Swindle/Confidence Game,10/10/2023 2:01:38 PM,4340 GLOBAL GATEWAY CONN,0.0,PROPERTY,N,-84.466298,33.638308,0.1998
Theft From Motor Vehicle,10/10/2023 2:03:26 PM,580 WOODWARD AVE SE,2.0,PROPERTY,N,-84.368584,33.745602,0.0999
Motor Vehicle Theft,10/10/2023 2:07:38 PM,1195 MILTON TER SE,1.0,PROPERTY,N,-84.381886,33.722967,0.2331
Motor Vehicle Theft,10/10/2023 2:08:56 PM,362 ARD PL NW,1.0,PROPERTY,N,-84.502332,33.76499,0.2331
All Other Larceny,10/10/2023 2:14:27 PM,8700 SPINE RD,1.0,PROPERTY,N,-84.438805,33.641645,0.1665
Motor Vehicle Theft,10/10/2023 2:20:22 PM,222 TUSKEGEE ST SE,1.0,PROPERTY,N,-84.381369,33.728506,0.2331
Motor Vehicle Theft,10/10/2023 2:30:48 PM,1769 S GORDON ST SW,1.0,PROPERTY,N,-84.445525,33.739955,0.2331
Theft From Motor Vehicle,10/10/2023 2:35:58 PM,1080 COLQUITT AVE NE,2.0,PROPERTY,N,-84.351514,33.766002,0.0999
Burglary/Breaking & Entering,10/10/2023 3:07:57 PM,57 HARDWICK ST SE,0.0,PROPERTY,N,-84.385496,33.709843,0.1998
Shoplifting,10/10/2023 3:37:07 PM,650 NORTH AVE NE,0.0,PROPERTY,N,-84.364817,33.771252,0.1332
Burglary/Breaking & Entering,10/10/2023 3:46:49 PM,1158 WELCH ST SW,1.0,PROPERTY,N,-84.404592,33.723344,0.1998
Theft From Building,10/10/2023 3:57:12 PM,1315 NORTHWEST DR NW,0.0,PROPERTY,N,-84.478369,33.792336,0.1332
Theft From Motor Vehicle,10/10/2023 4:21:06 PM,44 KROG ST NE,1.0,PROPERTY,N,-84.364275,33.754708,0.0999
Motor Vehicle Theft,10/10/2023 4:26:18 PM,100 PEYTON PL SW,1.0,PROPERTY,N,-84.476106,33.751902,0.2331
Destruction/Damage/Vandalism of Property,10/10/2023 4:33:27 PM,990 TOFFIE TER,0.0,PROPERTY,N,-84.431498,33.656722,0.1665
Robbery,10/10/2023 4:45:07 PM,175 LAKEWOOD WAY SW,1.0,PROPERTY,Y,-84.396081,33.704093,0.6327
Motor Vehicle Theft,10/10/2023 4:45:16 PM,2176 DONALD LEE HOLLOWELL PKWY NW,2.0,PROPERTY,N,-84.457234,33.776415,0.2331
Destruction/Damage/Vandalism of Property,10/10/2023 4:45:16 PM,2176 DONALD LEE HOLLOWELL PKWY NW,2.0,PROPERTY,N,-84.457234,33.776415,0.1665
Wire Fraud,10/10/2023 4:49:28 PM,965 MEMORIAL DR SE,0.0,PROPERTY,N,-84.356027,33.746438,0.1665
Destruction/Damage/Vandalism of Property,10/10/2023 5:04:15 PM,1750 COMMERCE DR NW,0.0,PROPERTY,N,-84.411849,33.803246,0.1665
Motor Vehicle Theft,10/10/2023 5:08:34 PM,865 SOCIETY CIR SW,1.0,PROPERTY,N,-84.500211,33.747296,0.2331
Shoplifting,10/10/2023 5:11:22 PM,375 18TH ST NW,0.0,PROPERTY,N,-84.399207,33.793027,0.1332
Drug/Narcotic Violations,10/10/2023 5:11:45 PM,1846 NORTH AVE NW,0.0,SOCIETY,N,-84.447374,33.768238,0.1665
Theft From Motor Vehicle,10/10/2023 5:17:01 PM,1881 HONEYSUCKLE LN SW,1.0,PROPERTY,N,-84.453055,33.707836,0.0999
Shoplifting,10/10/2023 5:18:52 PM,1142 EUCLID AVE NE,0.0,PROPERTY,N,-84.350177,33.764794,0.1332
Destruction/Damage/Vandalism of Property,10/10/2023 5:20:28 PM,1650 SULLIVAN RD,0.0,PROPERTY,N,-84.446558,33.629032,0.1665
Theft From Building,10/10/2023 5:23:09 PM,6000 N TERMINAL PKWY,1.0,PROPERTY,N,-84.444368,33.640311,0.1332
All Other Larceny,10/10/2023 5:23:09 PM,6000 N TERMINAL PKWY,0.0,PROPERTY,N,-84.444368,33.640311,0.1665
All Other Larceny,10/10/2023 5:46:33 PM,925 HANK AARON DR SW,0.0,PROPERTY,N,-84.388394,33.729359,0.1665
Destruction/Damage/Vandalism of Property,10/10/2023 6:15:11 PM,860 GLENWOOD AVE SE,1.0,PROPERTY,N,-84.359738,33.740366,0.1665
Theft From Building,10/10/2023 6:36:06 PM,1010 PALMETTO AVE SW,1.0,PROPERTY,N,-84.420862,33.751644,0.1332
Drug/Narcotic Violations,10/10/2023 6:41:05 PM,1100 MORELAND PL SE,0.0,SOCIETY,N,-84.351397,33.738564,0.1665
Drug/Narcotic Violations,10/10/2023 7:29:24 PM,TED TURNER DR NW / IVAN ALLEN JR BLVD NW,0.0,SOCIETY,N,-84.388966,33.764673,0.1665
Destruction/Damage/Vandalism of Property,10/10/2023 7:32:04 PM,860 GLENWOOD AVE SE,1.0,PROPERTY,N,-84.359738,33.740366,0.1665
Drug/Narcotic Violations,10/10/2023 7:34:33 PM,495 GLENWOOD AVE SE,0.0,SOCIETY,N,-84.371704,33.742877,0.1665
Simple Assault,10/10/2023 7:36:41 PM,231 GLENROSE CIR SW,1.0,PERSON,N,-84.39621,33.670618,0.1332
All Other Larceny,10/10/2023 7:44:54 PM,2625 PIEDMONT RD NE,1.0,PROPERTY,N,-84.365322,33.827416,0.1665
All Other Larceny,10/10/2023 8:05:30 PM,1978 CARSON DR NW,0.0,PROPERTY,N,-84.452834,33.795553,0.1665
Destruction/Damage/Vandalism of Property,10/10/2023 8:05:38 PM,200 N HIGHLAND AVE NE,0.0,PROPERTY,N,-84.360815,33.761721,0.1665
All Other Larceny,10/10/2023 8:05:38 PM,200 N HIGHLAND AVE NE,1.0,PROPERTY,N,-84.360815,33.761721,0.1665
Motor Vehicle Theft,10/10/2023 8:06:35 PM,552 PARKWAY DR NE,1.0,PROPERTY,N,-84.373352,33.769438,0.2331
False Pretenses/Swindle/Confidence Game,10/10/2023 8:13:11 PM,3137 PIEDMONT RD NE,0.0,PROPERTY,N,-84.370339,33.842725,0.1998
Theft From Motor Vehicle,10/10/2023 8:14:56 PM,2828 PEYTON CROSSING DR SW,1.0,PROPERTY,N,-84.480101,33.736347,0.0999
Destruction/Damage/Vandalism of Property,10/10/2023 8:17:20 PM,MORELAND AVE SE & METROPOLITAN AVE SE,1.0,PROPERTY,N,-84.34924,33.74135,0.1665
Drug/Narcotic Violations,10/10/2023 8:17:35 PM,3050 MARTIN LUTHER KING JR DR SW,0.0,SOCIETY,N,-84.485698,33.751766,0.1665
Shoplifting,10/10/2023 8:26:25 PM,2841 GREENBRIAR PKWY,0.0,PROPERTY,N,-84.543349,33.698581,0.1332
Simple Assault,10/10/2023 8:26:35 PM,3612 GINNIS CIR SW,2.0,PERSON,N,-84.511966,33.731341,0.1332
Simple Assault,10/10/2023 8:28:07 PM,80 JESSE HILL JR DR SE,1.0,PERSON,N,-84.381982,33.751676,0.1332
Drug/Narcotic Violations,10/10/2023 8:34:14 PM,1153 WADE ST NE,0.0,SOCIETY,N,-84.349773,33.756093,0.1665
All Other Larceny,10/10/2023 8:42:56 PM,870 MAYSON TURNER RD NW,1.0,PROPERTY,N,-84.416631,33.755768,0.1665
All Other Larceny,10/10/2023 8:46:47 PM,627 CHARLOTTE PL NW,1.0,PROPERTY,N,-84.450123,33.772046,0.1665
Robbery,10/10/2023 8:47:45 PM,1217 METROPOLITAN PKWY SW,2.0,PROPERTY,N,-84.408394,33.721736,0.2997
Destruction/Damage/Vandalism of Property,10/10/2023 9:08:43 PM,194 HOWARD ST NW,1.0,PROPERTY,N,-84.453016,33.752293,0.1665
Theft From Motor Vehicle,10/10/2023 9:09:49 PM,935 MARIETTA ST NW,1.0,PROPERTY,N,-84.408411,33.777983,0.0999
Motor Vehicle Theft,10/10/2023 9:14:39 PM,1541 HARBIN RD SW,1.0,PROPERTY,N,-84.483791,33.713737,0.2331
Shoplifting,10/10/2023 9:31:39 PM,1531 CAMPBELLTON RD SW,0.0,PROPERTY,N,-84.43863,33.713271,0.1332
Destruction/Damage/Vandalism of Property,10/10/2023 9:33:44 PM,850 NORTHSIDE DR NW,0.0,PROPERTY,N,-84.407725,33.77807,0.1665
All Other Larceny,10/10/2023 9:50:18 PM,640 GLEN IRIS DR NE,1.0,PROPERTY,N,-84.368896,33.772187,0.1665
Destruction/Damage/Vandalism of Property,10/10/2023 9:57:15 PM,2572 LENOX RD NE,1.0,PROPERTY,N,-84.353653,33.824483,0.1665
Simple Assault,10/10/2023 10:20:12 PM,2841 GREENBRIAR PKWY SW,1.0,PERSON,N,-84.493282,33.688452,0.1332
All Other Larceny,10/10/2023 10:26:54 PM,955 SPRING ST NW,1.0,PROPERTY,N,-84.388664,33.780835,0.1665
All Other Larceny,10/10/2023 10:28:13 PM,4075 PACES FERRY RD NW,0.0,PROPERTY,N,-84.451658,33.860995,0.1665
Drug/Narcotic Violations,10/10/2023 10:33:26 PM,469 MARIETTA ST NW,0.0,SOCIETY,Y,-84.396691,33.76564,0.49950000000000006
Weapon Law Violations,10/10/2023 10:33:26 PM,469 MARIETTA ST NW,0.0,SOCIETY,Y,-84.396691,33.76564,0.49950000000000006
Drug/Narcotic Violations,10/10/2023 10:36:35 PM,BROWNLEE RD NW / MARTIN L KING JR DR NW,0.0,SOCIETY,N,-84.500156,33.755703,0.1665
Simple Assault,10/10/2023 10:36:47 PM,3315 ROSWELL RD NE,1.0,PERSON,N,-84.38033,33.845682,0.1332
Theft From Motor Vehicle,10/10/2023 10:41:35 PM,1188 CHATHAM AVE SW,1.0,PROPERTY,N,-84.442819,33.722837,0.0999
Aggravated Assault,10/10/2023 11:00:02 PM,2712 CHERRY LAUREL LN SW,1.0,PERSON,N,-84.479345,33.694956,0.2664
Robbery,10/10/2023 11:06:12 PM,1 BUCKHEAD LOOP NE,1.0,PROPERTY,Y,-84.372064,33.850044,0.6327
Weapon Law Violations,10/10/2023 11:31:03 PM,3000 PEACHTREE DR NE,0.0,SOCIETY,Y,-84.368252,33.837615,0.49950000000000006
Burglary/Breaking & Entering,10/10/2023 11:33:40 PM,3201 DOWNWOOD CIR NW,2.0,PROPERTY,N,-84.42601,33.841337,0.1998
Theft From Building,10/10/2023 11:47:16 PM,PEACHTREE PL NW / SPRING ST NW,1.0,PROPERTY,N,-84.388997,33.780562,0.1332
All Other Larceny,10/10/2023 11:50:11 PM,950 MARIETTA ST NW,1.0,PROPERTY,N,-84.408215,33.776821,0.1665
Destruction/Damage/Vandalism of Property,10/10/2023 11:53:23 PM,479 STONEWALL ST SW,1.0,PROPERTY,N,-84.403198,33.749836,0.1665
False Pretenses/Swindle/Confidence Game,10/11/2023 12:43:52 AM,20 STANDISH AVE NW,1.0,PROPERTY,N,-84.394335,33.798573,0.1998
Destruction/Damage/Vandalism of Property,10/11/2023 12:50:46 AM,794 LIBERTY COMMONS DR NW,1.0,PROPERTY,N,-84.414638,33.755891,0.1665
Drug Equipment Violations,10/11/2023 12:55:44 AM,3102 MARTIN LUTHER KING JR DR SW,0.0,SOCIETY,N,-84.488306,33.751025,0.0666
Motor Vehicle Theft,10/11/2023 1:01:00 AM,1130 GRAYMONT DR SW,1.0,PROPERTY,N,-84.436249,33.724421,0.2331
Simple Assault,10/11/2023 1:22:30 AM,3003 MIDDLETON RD NW,1.0,PERSON,N,-84.488036,33.753015,0.1332
Motor Vehicle Theft,10/11/2023 1:31:29 AM,2140 PEACHTREE RD NW,1.0,PROPERTY,N,-84.392617,33.812966,0.2331
Simple Assault,10/11/2023 1:32:44 AM,3366 ARDLEY RD SW,1.0,PERSON,N,-84.498545,33.728504,0.1332
All Other Larceny,10/11/2023 1:51:26 AM,3041 LANDRUM DR SW,1.0,PROPERTY,N,-84.488204,33.70753,0.1665
Robbery,10/11/2023 2:04:14 AM,616 JOSEPH E BOONE BLVD NW,1.0,PROPERTY,Y,-84.407643,33.763266,0.6327
All Other Larceny,10/11/2023 2:10:28 AM,217 THIRKELD AVE SW,1.0,PROPERTY,N,-84.392638,33.713616,0.1665
Theft From Motor Vehicle,10/11/2023 2:10:28 AM,217 THIRKELD AVE SW,1.0,PROPERTY,N,-84.392638,33.713616,0.0999
Motor Vehicle Theft,10/11/2023 2:15:59 AM,3334 PEACHTREE RD NE,1.0,PROPERTY,N,-84.370419,33.85025,0.2331
Motor Vehicle Theft,10/11/2023 2:45:14 AM,3301 N CAMP CREEK PKWY SW,1.0,PROPERTY,N,-84.500667,33.672568,0.2331
Destruction/Damage/Vandalism of Property,10/11/2023 2:45:14 AM,3301 N CAMP CREEK PKWY SW,1.0,PROPERTY,N,-84.500667,33.672568,0.1665
Aggravated Assault,10/11/2023 3:04:28 AM,2996 JONESBORO RD SE,2.0,PERSON,Y,-84.372178,33.672672,0.5994
Destruction/Damage/Vandalism of Property,10/11/2023 3:41:04 AM,3349 MARTIN L KING JR DR NW,1.0,PROPERTY,N,-84.497337,33.754884,0.1665
Destruction/Damage/Vandalism of Property,10/11/2023 4:31:29 AM,320 FAIRBURN RD SW,1.0,PROPERTY,N,-84.508116,33.748764,0.1665
Theft From Motor Vehicle,10/11/2023 4:43:00 AM,95 8TH ST NW,1.0,PROPERTY,N,-84.390258,33.779679,0.0999
Theft From Motor Vehicle,10/11/2023 4:43:11 AM,2143 PEACHTREE RD NE,1.0,PROPERTY,N,-84.39175,33.812587,0.0999
Destruction/Damage/Vandalism of Property,10/11/2023 4:47:03 AM,116 PONCE DE LEON AVE NE,0.0,PROPERTY,N,-84.383583,33.773041,0.1665
Destruction/Damage/Vandalism of Property,10/11/2023 4:56:58 AM,SIDNEY MARCUS BLVD NE / PIEDMONT RD NE,1.0,PROPERTY,N,-84.367147,33.825758,0.1665
Robbery,10/11/2023 5:23:22 AM,41 10TH ST NE,1.0,PROPERTY,Y,-84.386662,33.781261,0.6327
Destruction/Damage/Vandalism of Property,10/11/2023 5:48:59 AM,6023 N TERMINAL PKWY,1.0,PROPERTY,N,-84.445657,33.643216,0.1665
Destruction/Damage/Vandalism of Property,10/11/2023 5:55:00 AM,3768 PORTSMOUTH WAY SW,1.0,PROPERTY,N,-84.510022,33.682122,0.1665
Simple Assault,10/11/2023 6:26:58 AM,3749 CAMPBELLTON RD SW,1.0,PERSON,N,-84.511121,33.690848,0.1332
Destruction/Damage/Vandalism of Property,10/11/2023 6:29:32 AM,935 MARIETTA ST NW,1.0,PROPERTY,N,-84.408411,33.777983,0.1665
Motor Vehicle Theft,10/11/2023 6:37:30 AM,630 10TH ST NW,1.0,PROPERTY,N,-84.408037,33.781415,0.2331
Shoplifting,10/11/2023 6:45:19 AM,855 PEACHTREE ST NE,0.0,PROPERTY,N,-84.38389,33.777985,0.1332
Destruction/Damage/Vandalism of Property,10/11/2023 6:55:59 AM,1314 DONALD LEE HOLLOWELL PKWY NW,1.0,PROPERTY,N,-84.430978,33.771519,0.1665
Destruction/Damage/Vandalism of Property,10/11/2023 7:00:17 AM,592 MORROW LN SW,1.0,PROPERTY,N,-84.502304,33.742384,0.1665
Drug/Narcotic Violations,10/11/2023 7:41:24 AM,SYLVAN RD SW / WOODBOURNE DR SW,0.0,SOCIETY,N,-84.418173,33.710122,0.1665
Stolen Property Offenses,10/11/2023 7:57:09 AM,6000 S TERMINAL PKWY,1.0,PROPERTY,N,-84.443025,33.64004,0.1332
All Other Larceny,10/11/2023 7:57:09 AM,6000 S TERMINAL PKWY,1.0,PROPERTY,N,-84.443025,33.64004,0.1665
Destruction/Damage/Vandalism of Property,10/11/2023 8:01:13 AM,CONE ST NW / LUCKIE ST NW,1.0,PROPERTY,N,-84.390118,33.757854,0.1665
Aggravated Assault,10/11/2023 8:05:09 AM,1939 SHIRLEY ST SW,1.0,PERSON,N,-84.45092,33.732506,0.2664
Theft From Building,10/11/2023 8:13:02 AM,2965 PEACHTREE RD NE,1.0,PROPERTY,N,-84.381266,33.836057,0.1332
Theft From Motor Vehicle,10/11/2023 8:18:59 AM,2040 LOIS PL NW,8.0,PROPERTY,N,-84.454615,33.784249,0.0999
Motor Vehicle Theft,10/11/2023 8:31:29 AM,665 TARRAGON WAY SW,1.0,PROPERTY,N,-84.523944,33.750309,0.2331
Theft From Motor Vehicle,10/11/2023 9:16:51 AM,CAIRO ST NW & PROCTOR ST NW,1.0,PROPERTY,N,-84.41959,33.76499,0.0999
Motor Vehicle Theft,10/11/2023 9:20:37 AM,1750 COMMERCE DR NW,1.0,PROPERTY,N,-84.411849,33.803246,0.2331
Destruction/Damage/Vandalism of Property,10/11/2023 9:35:50 AM,256 ROSSER ST SW,1.0,PROPERTY,N,-84.424222,33.747713,0.1665
Motor Vehicle Theft,10/11/2023 9:40:40 AM,2866 HEDGEWOOD DR NW,1.0,PROPERTY,N,-84.481693,33.757524,0.2331
Drug Equipment Violations,10/11/2023 10:42:05 AM,215 FORSYTH ST SW,0.0,SOCIETY,N,-84.396802,33.748925,0.0666
Theft From Motor Vehicle,10/11/2023 11:56:42 AM,1815 DODSON DR SW,1.0,PROPERTY,N,-84.477155,33.705804,0.0999
Theft From Motor Vehicle,10/11/2023 12:34:20 PM,3974 BOULDER PARK DR SW,1.0,PROPERTY,N,-84.517747,33.746879,0.0999
All Other Larceny,10/11/2023 12:39:10 PM,6000 N TERMINAL PKWY,1.0,PROPERTY,N,-84.444368,33.640311,0.1665
Impersonation,10/11/2023 12:42:03 PM,3005 PEACHTREE RD NE,1.0,PROPERTY,N,-84.381152,33.836839,0.1332
False Pretenses/Swindle/Confidence Game,10/11/2023 1:02:03 PM,2167 BOLTON DR NW,1.0,PROPERTY,N,-84.440464,33.816492,0.1998
Wire Fraud,10/11/2023 1:16:13 PM,3372 PEACHTREE RD NE,0.0,PROPERTY,N,-84.367013,33.848614,0.1665
Simple Assault,10/11/2023 1:19:15 PM,1080 W PEACHTREE ST NW,1.0,PERSON,N,-84.388169,33.784703,0.1332
Motor Vehicle Theft,10/11/2023 1:22:06 PM,306 ANDERSON AVE NW,1.0,PROPERTY,N,-84.451503,33.763412,0.2331
Simple Assault,10/11/2023 1:38:25 PM,2509 DONALD LEE HOLLOWELL PKWY NW,1.0,PERSON,N,-84.467666,33.775871,0.1332
Theft From Motor Vehicle,10/11/2023 1:44:06 PM,800 GLENWOOD AVE SE,1.0,PROPERTY,N,-84.360419,33.742051,0.0999
All Other Larceny,10/11/2023 2:05:08 PM,950 MARIETTA ST NW,2.0,PROPERTY,N,-84.408215,33.776821,0.1665
Destruction/Damage/Vandalism of Property,10/11/2023 2:13:04 PM,2986 N FULTON DR NE,0.0,PROPERTY,N,-84.378158,33.836333,0.1665
Burglary/Breaking & Entering,10/11/2023 2:13:04 PM,2986 N FULTON DR NE,0.0,PROPERTY,N,-84.378158,33.836333,0.1998
Identity Theft,10/11/2023 2:14:12 PM,205 12TH ST NE,1.0,PROPERTY,N,-84.380726,33.784171,0.2331
Impersonation,10/11/2023 2:22:12 PM,370 NORTHSIDE DR NW,1.0,PROPERTY,N,-84.406707,33.765288,0.1332
Motor Vehicle Theft,10/11/2023 2:22:14 PM,3576 GLENVIEW CIR SW,1.0,PROPERTY,N,-84.50532,33.703356,0.2331
Credit Card/Automated Teller Machine Fraud,10/11/2023 2:22:17 PM,2414 HERRING RD SW,1.0,PROPERTY,N,-84.462528,33.723628,0.1665
Impersonation,10/11/2023 2:22:22 PM,3005 PEACHTREE RD NE,1.0,PROPERTY,N,-84.381152,33.836839,0.1332
Impersonation,10/11/2023 2:22:26 PM,720 RALPH MCGILL BLVD NE,1.0,PROPERTY,N,-84.36422,33.766169,0.1332
Theft of Motor Vehicle Parts or Accessories,10/11/2023 2:23:39 PM,55 MILTON AVE SE,1.0,PROPERTY,N,-84.386469,33.723915,0.0999
Theft From Motor Vehicle,10/11/2023 2:30:15 PM,2960 PIEDMONT RD NE,1.0,PROPERTY,N,-84.368127,33.835132,0.0999
Impersonation,10/11/2023 2:42:13 PM,1655 S PONCE DE LEON AVE NE,1.0,PROPERTY,N,-84.333219,33.772965,0.1332
False Pretenses/Swindle/Confidence Game,10/11/2023 2:42:18 PM,2448 CHESHIRE BRIDGE RD NE,1.0,PROPERTY,N,-84.351935,33.821713,0.1998
Impersonation,10/11/2023 2:42:23 PM,564 REED ST SE,1.0,PROPERTY,N,-84.385347,33.739232,0.1332
Burglary/Breaking & Entering,10/11/2023 2:49:31 PM,1095 TUCKER AVE SW,1.0,PROPERTY,N,-84.423401,33.724116,0.1998
Aggravated Assault,10/11/2023 3:04:47 PM,1503 HARDEE ST NE,1.0,PERSON,N,-84.338382,33.755264,0.2664
Burglary/Breaking & Entering,10/11/2023 3:16:03 PM,1027 MONROE DR NE,0.0,PROPERTY,N,-84.368084,33.782852,0.1998
Theft From Motor Vehicle,10/11/2023 3:17:36 PM,294 BOULDER PARK LN SW,1.0,PROPERTY,N,-84.503206,33.750714,0.0999
Credit Card/Automated Teller Machine Fraud,10/11/2023 3:22:21 PM,887 SPRING ST NW,1.0,PROPERTY,N,-84.388336,33.779211,0.1665
Destruction/Damage/Vandalism of Property,10/11/2023 3:22:28 PM,3285 PEACHTREE RD NE,0.0,PROPERTY,N,-84.368621,33.844364,0.1665
Impersonation,10/11/2023 3:22:37 PM,343 FAIRBURN RD NW,1.0,PROPERTY,N,-84.500336,33.764516,0.1332
Credit Card/Automated Teller Machine Fraud,10/11/2023 3:23:01 PM,3535 PEACHTREE RD NE,1.0,PROPERTY,N,-84.358703,33.851566,0.1665
Theft From Motor Vehicle,10/11/2023 3:23:48 PM,914 COLLIER RD NW,1.0,PROPERTY,N,-84.416324,33.809239,0.0999
Counterfeiting/Forgery,10/11/2023 3:24:57 PM,116 BENNETT ST NW,0.0,PROPERTY,N,-84.395981,33.811558,0.0666
Simple Assault,10/11/2023 3:32:22 PM,285 BOULEVARD NE,1.0,PERSON,N,-84.371415,33.762478,0.1332
Impersonation,10/11/2023 3:42:45 PM,223 JAMES P BRAWLEY DR SW,1.0,PROPERTY,N,-84.413033,33.750562,0.1332
Credit Card/Automated Teller Machine Fraud,10/11/2023 3:42:49 PM,7700 SPINE ROAD,1.0,PROPERTY,N,-84.44251,33.639731,0.1665
Destruction/Damage/Vandalism of Property,10/11/2023 3:43:08 PM,2980 PIEDMONT RD NE,0.0,PROPERTY,N,-84.368751,33.836239,0.1665
Destruction/Damage/Vandalism of Property,10/11/2023 3:43:15 PM,333 PETERS ST SW,0.0,PROPERTY,N,-84.403935,33.745809,0.1665
False Pretenses/Swindle/Confidence Game,10/11/2023 3:43:28 PM,224 PONCE DE LEON AVE NE,1.0,PROPERTY,N,-84.37986,33.772849,0.1998
Theft From Motor Vehicle,10/11/2023 3:57:55 PM,3400 STRATFORD RD NE,1.0,PROPERTY,N,-84.367778,33.849797,0.0999
Simple Assault,10/11/2023 4:10:38 PM,650 PHIPPS BLVD NE,1.0,PERSON,N,-84.364538,33.854109,0.1332
False Pretenses/Swindle/Confidence Game,10/11/2023 4:13:44 PM,201 PRYOR ST SW,1.0,PROPERTY,N,-84.392688,33.749404,0.1998
Theft From Motor Vehicle,10/11/2023 4:14:28 PM,691 14TH ST NW,1.0,PROPERTY,N,-84.411025,33.786402,0.0999
Theft From Motor Vehicle,10/11/2023 4:17:23 PM,1226 PONCE DE LEON AVE NE,0.0,PROPERTY,N,-84.347408,33.774728,0.0999
All Other Larceny,10/11/2023 4:17:31 PM,6000 N TERMINAL PKWY,1.0,PROPERTY,N,-84.444368,33.640311,0.1665
Theft From Building,10/11/2023 4:31:35 PM,1989 HOSEA L WILLIAMS DR SE,1.0,PROPERTY,N,-84.322858,33.75092,0.1332
Impersonation,10/11/2023 4:42:31 PM,1447 LAVENDER DR NW,1.0,PROPERTY,N,-84.435256,33.761471,0.1332
False Pretenses/Swindle/Confidence Game,10/11/2023 4:58:10 PM,100 10TH ST NW,1.0,PROPERTY,N,-84.390201,33.781071,0.1998
Impersonation,10/11/2023 5:02:24 PM,3909 CAMPBELLTON RD SW,1.0,PROPERTY,N,-84.515372,33.694197,0.1332
Aggravated Assault,10/11/2023 5:07:42 PM,387 JOSEPH E LOWERY BLVD SW,1.0,PERSON,Y,-84.417774,33.74496,0.5994
Theft From Coin-Operated Machine or Device,10/11/2023 5:25:42 PM,504 WINDSOR ST SW,1.0,PROPERTY,N,-84.398138,33.741078,0.0333
All Other Larceny,10/11/2023 5:27:18 PM,6000 N TERMINAL PKWY,1.0,PROPERTY,N,-84.444368,33.640311,0.1665
Motor Vehicle Theft,10/11/2023 5:29:17 PM,914 COLLIER RD NW,1.0,PROPERTY,N,-84.416324,33.809239,0.2331
Motor Vehicle Theft,10/11/2023 5:31:51 PM,1925 MONROE DR NE,1.0,PROPERTY,N,-84.374117,33.808041,0.2331
Motor Vehicle Theft,10/11/2023 5:34:32 PM,2685 METROPOLITAN PKWY SW,1.0,PROPERTY,N,-84.409022,33.682739,0.2331
Destruction/Damage/Vandalism of Property,10/11/2023 5:41:12 PM,411 PONCE DE LEON AVE NE,1.0,PROPERTY,N,-84.3738,33.772374,0.1665
All Other Larceny,10/11/2023 6:42:00 PM,6000 N TERMINAL PKWY,1.0,PROPERTY,N,-84.444368,33.640311,0.1665
Drug/Narcotic Violations,10/11/2023 6:49:29 PM,16TH ST NW & MECASLIN ST NW,0.0,SOCIETY,N,-84.40003,33.78907,0.1665
Drug/Narcotic Violations,10/11/2023 7:38:09 PM,1082 OSBORNE ST SW,0.0,SOCIETY,N,-84.423741,33.70416,0.1665
Shoplifting,10/11/2023 7:38:37 PM,260 18TH ST NW,1.0,PROPERTY,N,-84.396817,33.792154,0.1332
Aggravated Assault,10/11/2023 7:43:11 PM,2235 GLENWOOD AVE SE,1.0,PERSON,Y,-84.313564,33.739633,0.5994
Theft From Building,10/11/2023 7:56:13 PM,116 PONCE DE LEON AVE NE,1.0,PROPERTY,N,-84.383741,33.772516,0.1332
Shoplifting,10/11/2023 8:01:28 PM,3393 PEACHTREE RD NE,0.0,PROPERTY,N,-84.362119,33.84676,0.1332
All Other Larceny,10/11/2023 8:03:29 PM,2331 BOLTON RD NW,1.0,PROPERTY,N,-84.461795,33.81909,0.1665
All Other Larceny,10/11/2023 8:06:23 PM,705 PRYOR ST SW,1.0,PROPERTY,N,-84.394855,33.735734,0.1665
Simple Assault,10/11/2023 8:07:28 PM,1175 RALPH DAVID ABERNATHY BLVD SW,1.0,PERSON,N,-84.426346,33.738921,0.1332
Simple Assault,10/11/2023 8:17:17 PM,4585 SAINT ANDREWS DR SW,1.0,PERSON,N,-84.53807,33.687072,0.1332
Simple Assault,10/11/2023 8:29:33 PM,HANK AARON DR SE / GEORGIA AVE SE,2.0,PERSON,N,-84.387868,33.736837,0.1332
Theft From Motor Vehicle,10/11/2023 8:37:43 PM,820 OAK ST SW,0.0,PROPERTY,N,-84.414415,33.740573,0.0999
Motor Vehicle Theft,10/11/2023 8:41:07 PM,3721 CAMPBELLTON RD SW,1.0,PROPERTY,N,-84.510371,33.691365,0.2331
Theft From Motor Vehicle,10/11/2023 8:43:38 PM,116 PONCE DE LEON AVE NE,1.0,PROPERTY,N,-84.383741,33.772516,0.0999
Theft From Motor Vehicle,10/11/2023 9:18:56 PM,EDGEHILL AVE NW / WATKINS ST NW,1.0,PROPERTY,N,-84.409127,33.782372,0.0999
Shoplifting,10/11/2023 9:31:27 PM,2841 GREENBRIAR PKWY SW,0.0,PROPERTY,N,-84.489634,33.690451,0.1332
Drug/Narcotic Violations,10/11/2023 9:36:38 PM,1452 KENILWORTH DR SW,0.0,SOCIETY,N,-84.433914,33.715434,0.1665
Robbery,10/11/2023 9:48:29 PM,CAMPBELLTON RD SW / GREENBRIAR PKWY SW,1.0,PROPERTY,N,-84.490583,33.692575,0.2997
Aggravated Assault,10/11/2023 9:51:02 PM,387 CLEVELAND AVE SW,1.0,PERSON,N,-84.402143,33.681605,0.2664
Drug/Narcotic Violations,10/11/2023 10:00:27 PM,1974 SYLVAN RD SW,0.0,SOCIETY,N,-84.418068,33.70016,0.1665
Simple Assault,10/11/2023 10:07:03 PM,254 PEACHTREE ST SW,1.0,PERSON,N,-84.395429,33.747285,0.1332
Drug/Narcotic Violations,10/11/2023 10:20:02 PM,121 CLEVELAND AVE SE,0.0,SOCIETY,N,-84.384701,33.68071,0.1665
Theft From Building,10/11/2023 10:26:27 PM,470 PONCE DE LEON AVE NE,1.0,PROPERTY,N,-84.371656,33.773577,0.1332
Drug/Narcotic Violations,10/11/2023 10:29:25 PM,307 RICHARDSON ST SW,0.0,SOCIETY,N,-84.397863,33.740868,0.1665
Theft From Motor Vehicle,10/11/2023 10:33:47 PM,3755 CARMIA DR SW,1.0,PROPERTY,N,-84.509084,33.65687,0.0999
Simple Assault,10/11/2023 10:57:08 PM,2110 PEACHTREE RD NW,1.0,PERSON,N,-84.392668,33.812104,0.1332
Simple Assault,10/11/2023 11:01:09 PM,1007 WELCH ST SE,1.0,PERSON,N,-84.355669,33.707759,0.1332
Aggravated Assault,10/11/2023 11:06:10 PM,6000 S TERMINAL PKWY,4.0,PERSON,N,-84.444368,33.640311,0.2664
Drug/Narcotic Violations,10/11/2023 11:14:10 PM,221 CLEVELAND AVE SE,0.0,SOCIETY,N,-84.382049,33.680533,0.1665
Simple Assault,10/11/2023 11:15:54 PM,2920 PHARR COURT SOUTH NW,1.0,PERSON,N,-84.386085,33.835362,0.1332
Theft From Motor Vehicle,10/11/2023 11:25:19 PM,DECATUR ST SE / PARK PL SE,1.0,PROPERTY,N,-84.388999,33.753876,0.0999
All Other Larceny,10/11/2023 11:35:36 PM,322 DECATUR ST SE,1.0,PROPERTY,N,-84.378872,33.750071,0.1665
All Other Larceny,10/11/2023 11:36:41 PM,215 FORSYTH ST SW,0.0,PROPERTY,N,-84.396802,33.748925,0.1665
Intimidation,10/11/2023 11:44:02 PM,650 GLEN IRIS DR NE,1.0,PERSON,N,-84.367971,33.772199,0.1998
Weapon Law Violations,10/11/2023 11:53:02 PM,1304 OAK ST SW,0.0,SOCIETY,Y,-84.430488,33.74027,0.49950000000000006
Destruction/Damage/Vandalism of Property,10/12/2023 12:26:44 AM,600 LINDBERGH DR NE,2.0,PROPERTY,N,-84.367669,33.821319,0.1665
All Other Larceny,10/12/2023 1:03:22 AM,690 DURANT PL NE,1.0,PROPERTY,N,-84.376075,33.7734,0.1665
Motor Vehicle Theft,10/12/2023 1:06:41 AM,776 FORMWALT ST SW,1.0,PROPERTY,N,-84.395785,33.733792,0.2331
Theft From Motor Vehicle,10/12/2023 1:35:08 AM,1812 PEACHTREE ST NW,1.0,PROPERTY,N,-84.393751,33.804262,0.0999
All Other Larceny,10/12/2023 2:14:03 AM,906 RALPH D ABERNATHY BLVD SW,1.0,PROPERTY,N,-84.417409,33.737905,0.1665
Motor Vehicle Theft,10/12/2023 2:27:05 AM,123 WOODWARD AVE SE,1.0,PROPERTY,N,-84.383594,33.745516,0.2331
Destruction/Damage/Vandalism of Property,10/12/2023 2:27:05 AM,123 WOODWARD AVE SE,1.0,PROPERTY,N,-84.383594,33.745516,0.1665
Theft From Motor Vehicle,10/12/2023 2:42:11 AM,PHARR RD NE / N FULTON DR NE,1.0,PROPERTY,N,-84.377825,33.837032,0.0999
Theft From Motor Vehicle,10/12/2023 3:45:30 AM,3802 ROSWELL RD NE,1.0,PROPERTY,N,-84.381115,33.858501,0.0999
Robbery,10/12/2023 3:54:19 AM,3256 W MANOR LN SW,2.0,PROPERTY,N,-84.493873,33.737238,0.2997
Simple Assault,10/12/2023 3:54:19 AM,3256 W MANOR LN SW,1.0,PERSON,N,-84.493873,33.737238,0.1332
Burglary/Breaking & Entering,10/12/2023 4:05:18 AM,215 NORTH AVE NE,1.0,PROPERTY,N,-84.380337,33.770598,0.1998
Motor Vehicle Theft,10/12/2023 4:13:22 AM,6023 S TERMINAL PKWY,1.0,PROPERTY,N,-84.44453,33.637998,0.2331
Motor Vehicle Theft,10/12/2023 4:24:37 AM,1400 W PEACHTREE ST NW,1.0,PROPERTY,N,-84.388204,33.792889,0.2331
Simple Assault,10/12/2023 4:31:41 AM,1197 JOSEPH E BOONE BLVD NW,1.0,PERSON,N,-84.426729,33.764464,0.1332
Burglary/Breaking & Entering,10/12/2023 4:58:02 AM,1965 CHILDRESS DR SW,3.0,PROPERTY,N,-84.487556,33.701812,0.1998
False Pretenses/Swindle/Confidence Game,10/12/2023 5:08:08 AM,1253 EASON ST NW,1.0,PROPERTY,N,-84.431629,33.760604,0.1998
All Other Larceny,10/12/2023 5:08:08 AM,1253 EASON ST NW,1.0,PROPERTY,N,-84.431629,33.760604,0.1665
Theft From Motor Vehicle,10/12/2023 5:25:09 AM,1460 ELLSWORTH INDUSTRIAL BLVD NW,1.0,PROPERTY,N,-84.42715,33.795726,0.0999
Simple Assault,10/12/2023 5:54:50 AM,245 MEMORIAL DR SE,1.0,PERSON,N,-84.379665,33.746735,0.1332
Destruction/Damage/Vandalism of Property,10/12/2023 6:34:32 AM,612 CEDAR AVE NW,1.0,PROPERTY,N,-84.46583,33.771984,0.1665
Burglary/Breaking & Entering,10/12/2023 6:53:06 AM,1536 RALPH D ABERNATHY BLVD SW,1.0,PROPERTY,N,-84.437871,33.74321,0.1998
All Other Larceny,10/12/2023 7:25:27 AM,5500 N TERMINAL PKWY,2.0,PROPERTY,N,-84.446295,33.640816,0.1665
Simple Assault,10/12/2023 7:50:08 AM,1980 PLAZA LN SW,1.0,PERSON,N,-84.453261,33.704818,0.1332
Simple Assault,10/12/2023 8:19:45 AM,1631 ALVARADO TERRACE SW,1.0,PERSON,N,-84.441041,33.734134,0.1332
Simple Assault,10/12/2023 8:32:12 AM,415 FAIRBURN RD SW,1.0,PERSON,N,-84.509966,33.74107,0.1332
Destruction/Damage/Vandalism of Property,10/12/2023 9:09:07 AM,3657 MARTIN L KING JR DR NW,1.0,PROPERTY,N,-84.507596,33.762082,0.1665
Theft From Building,10/12/2023 9:12:31 AM,859 PEACHTREE ST NE,1.0,PROPERTY,N,-84.383519,33.777867,0.1332
Motor Vehicle Theft,10/12/2023 9:35:45 AM,2611 SPRINGDALE RD SW,1.0,PROPERTY,N,-84.415231,33.683769,0.2331
Theft From Motor Vehicle,10/12/2023 9:35:45 AM,2611 SPRINGDALE RD SW,1.0,PROPERTY,N,-84.415231,33.683769,0.0999
Aggravated Assault,10/12/2023 9:56:39 AM,1631 ALVARADO TER SW,1.0,PERSON,N,-84.441102,33.734081,0.2664
Motor Vehicle Theft,10/12/2023 10:02:21 AM,3440 BOULDER PARK DR SW,1.0,PROPERTY,N,-84.500395,33.749989,0.2331
Burglary/Breaking & Entering,10/12/2023 10:23:32 AM,1310 WHITE ST SW,1.0,PROPERTY,N,-84.430436,33.737123,0.1998
Destruction/Damage/Vandalism of Property,10/12/2023 11:22:19 AM,95 8TH ST NW,0.0,PROPERTY,N,-84.390084,33.780073,0.1665
Theft From Motor Vehicle,10/12/2023 11:44:10 AM,400 FAIRBURN RD SW,2.0,PROPERTY,N,-84.507654,33.743964,0.0999
False Pretenses/Swindle/Confidence Game,10/12/2023 11:57:56 AM,41 IRBY AVE NW,1.0,PROPERTY,N,-84.380256,33.841553,0.1998
Burglary/Breaking & Entering,10/12/2023 12:15:11 PM,1635 MORELAND AVE SE,1.0,PROPERTY,N,-84.349942,33.709413,0.1998
Drug/Narcotic Violations,10/12/2023 12:21:59 PM,2405 PIEDMONT RD NE,0.0,SOCIETY,N,-84.367029,33.821019,0.1665
Stolen Property Offenses,10/12/2023 12:21:59 PM,2405 PIEDMONT RD NE,1.0,PROPERTY,N,-84.367029,33.821019,0.1332
Destruction/Damage/Vandalism of Property,10/12/2023 12:42:31 PM,2130 JAMES JACKSON PKWY NW,0.0,PROPERTY,N,-84.478022,33.813673,0.1665
Motor Vehicle Theft,10/12/2023 1:49:20 PM,84 THAYER AVE SE,1.0,PROPERTY,N,-84.385556,33.715608,0.2331
All Other Larceny,10/12/2023 2:08:02 PM,1291 AVON AVE SW,1.0,PROPERTY,N,-84.430157,33.722548,0.1665
Theft From Motor Vehicle,10/12/2023 2:34:48 PM,850 W PEACHTREE ST NW,1.0,PROPERTY,N,-84.387415,33.777263,0.0999
Wire Fraud,10/12/2023 2:53:38 PM,455 FULTON ST SW,1.0,PROPERTY,N,-84.402396,33.742028,0.1665
Identity Theft,10/12/2023 2:58:32 PM,857 COURTENAY DR NE,1.0,PROPERTY,N,-84.358988,33.789749,0.2331
False Pretenses/Swindle/Confidence Game,10/12/2023 3:02:16 PM,29 PEYTON PL SW,1.0,PROPERTY,N,-84.476757,33.753007,0.1998
Theft From Motor Vehicle,10/12/2023 3:04:42 PM,755 JEFFERSON ST NW,1.0,PROPERTY,N,-84.412459,33.776922,0.0999
Impersonation,10/12/2023 3:22:39 PM,2685 METROPOLITAN PKWY SW,1.0,PROPERTY,N,-84.409012,33.682743,0.1332
Impersonation,10/12/2023 3:22:43 PM,7700 SPINE ROAD,1.0,PROPERTY,N,-84.44251,33.639731,0.1332
Impersonation,10/12/2023 3:22:49 PM,226 PEACHTREE ST SW,1.0,PROPERTY,N,-84.394417,33.748137,0.1332
Drug/Narcotic Violations,10/12/2023 3:26:42 PM,3215 CUSHMAN CIR SW,0.0,SOCIETY,N,-84.493169,33.74922,0.1665
Theft From Motor Vehicle,10/12/2023 3:54:59 PM,1871 PLAZA LN SW,7.0,PROPERTY,N,-84.452545,33.7027,0.0999
Impersonation,10/12/2023 4:02:21 PM,2517 DONALD LEE HOLLOWELL PKWY NW,1.0,PROPERTY,N,-84.468179,33.776182,0.1332
Credit Card/Automated Teller Machine Fraud,10/12/2023 4:02:28 PM,1332 CAMPBELLTON RD SW,1.0,PROPERTY,N,-84.43159,33.715403,0.1665
All Other Larceny,10/12/2023 4:17:57 PM,881 PEACHTREE ST NE,1.0,PROPERTY,N,-84.383984,33.778666,0.1665
Identity Theft,10/12/2023 4:30:13 PM,3160 HOWELL MILL RD NW,1.0,PROPERTY,N,-84.428575,33.840532,0.2331
Theft From Building,10/12/2023 4:30:22 PM,1015 BOULEVARD SE,1.0,PROPERTY,N,-84.368533,33.726494,0.1332
Motor Vehicle Theft,10/12/2023 4:30:43 PM,2617 FORREST AVE NW,1.0,PROPERTY,N,-84.473684,33.813466,0.2331
Destruction/Damage/Vandalism of Property,10/12/2023 4:30:43 PM,2617 FORREST AVE NW,1.0,PROPERTY,N,-84.473684,33.813466,0.1665
Motor Vehicle Theft,10/12/2023 4:36:45 PM,2965 PEACHTREE RD NE,1.0,PROPERTY,N,-84.381266,33.836057,0.2331
Impersonation,10/12/2023 4:42:44 PM,300 MARTIN LUTHER KING JR DR SE,1.0,PROPERTY,N,-84.378426,33.748234,0.1332
Credit Card/Automated Teller Machine Fraud,10/12/2023 4:42:51 PM,1877 LISBON DR SW,1.0,PROPERTY,N,-84.41399,33.703576,0.1665
Theft From Motor Vehicle,10/12/2023 4:54:03 PM,378 LUCKIE ST NW,1.0,PROPERTY,N,-84.396251,33.764935,0.0999
False Pretenses/Swindle/Confidence Game,10/12/2023 5:02:43 PM,333 PETERS ST SW,1.0,PROPERTY,N,-84.403935,33.745809,0.1998
False Pretenses/Swindle/Confidence Game,10/12/2023 5:02:54 PM,2531 PIEDMONT RD NE,1.0,PROPERTY,N,-84.363101,33.824493,0.1998
Theft From Motor Vehicle,10/12/2023 5:09:18 PM,514 COHEN ST SW,0.0,PROPERTY,N,-84.404526,33.730994,0.0999
Credit Card/Automated Teller Machine Fraud,10/12/2023 5:12:38 PM,41 IRBY AVE NW,1.0,PROPERTY,N,-84.380256,33.841553,0.1665
Theft From Motor Vehicle,10/12/2023 5:17:15 PM,400 PHARR RD NE,1.0,PROPERTY,N,-84.374696,33.837128,0.0999
All Other Larceny,10/12/2023 5:28:04 PM,232 FORSYTH ST SW,1.0,PROPERTY,N,-84.396363,33.748519,0.1665
Motor Vehicle Theft,10/12/2023 5:32:14 PM,3395 JONESBORO RD SE,1.0,PROPERTY,N,-84.373918,33.661861,0.2331
Aggravated Assault,10/12/2023 5:33:18 PM,2522 ALSTON DR SE,1.0,PERSON,N,-84.304477,33.745388,0.2664
Theft From Motor Vehicle,10/12/2023 5:33:18 PM,2522 ALSTON DR SE,1.0,PROPERTY,N,-84.304477,33.745388,0.0999
Impersonation,10/12/2023 5:42:20 PM,180 PONCE DE LEON AVE NE,1.0,PROPERTY,N,-84.381283,33.77309,0.1332
Theft From Motor Vehicle,10/12/2023 6:06:10 PM,568 POOLE PL SW,1.0,PROPERTY,N,-84.413272,33.739097,0.0999
All Other Larceny,10/12/2023 6:07:37 PM,246 AURORA AVE NW,1.0,PROPERTY,N,-84.454575,33.761748,0.1665
Motor Vehicle Theft,10/12/2023 6:22:41 PM,6023 N TERMINAL PKWY,1.0,PROPERTY,N,-84.445657,33.643216,0.2331
Aggravated Assault,10/12/2023 6:24:50 PM,903 PEACHTREE ST NE,1.0,PERSON,N,-84.383769,33.779227,0.2664
Destruction/Damage/Vandalism of Property,10/12/2023 7:03:17 PM,951 PIEDMONT AVE NE,1.0,PROPERTY,N,-84.380397,33.780659,0.1665
Intimidation,10/12/2023 7:05:34 PM,1050 LENOX PARK BLVD NE,1.0,PERSON,N,-84.348373,33.851537,0.1998
Theft From Motor Vehicle,10/12/2023 7:13:46 PM,798 PONCE DE LEON AVE NE,1.0,PROPERTY,N,-84.361149,33.774139,0.0999
Aggravated Assault,10/12/2023 7:51:15 PM,1590 JOSEPH E BOONE BLVD NW,1.0,PERSON,Y,-84.439912,33.763239,0.5994
All Other Larceny,10/12/2023 7:53:05 PM,3757 STAMFORD RD SW,1.0,PROPERTY,N,-84.51075,33.756109,0.1665
Theft From Motor Vehicle,10/12/2023 7:54:44 PM,619 ROSALIA ST SE,1.0,PROPERTY,N,-84.367313,33.73869,0.0999
False Pretenses/Swindle/Confidence Game,10/12/2023 8:16:54 PM,303 COURTLAND ST NE,1.0,PROPERTY,N,-84.383806,33.762722,0.1998
Drug/Narcotic Violations,10/12/2023 8:22:06 PM,708 MCDANIEL ST SW,0.0,SOCIETY,Y,-84.40149,33.735593,0.49950000000000006
Weapon Law Violations,10/12/2023 8:22:06 PM,708 MCDANIEL ST SW,0.0,SOCIETY,Y,-84.40149,33.735593,0.49950000000000006
Impersonation,10/12/2023 8:22:21 PM,2685 METROPOLITAN PKWY SW,1.0,PROPERTY,N,-84.409012,33.682743,0.1332
Motor Vehicle Theft,10/12/2023 8:27:34 PM,4302 ARBOR GATES DR NE,1.0,PROPERTY,N,-84.358418,33.826452,0.2331
Wire Fraud,10/12/2023 8:29:53 PM,1847 S GORDON ST SW,1.0,PROPERTY,N,-84.447324,33.736362,0.1665
Destruction/Damage/Vandalism of Property,10/12/2023 9:34:14 PM,745 ORR ST NW,0.0,PROPERTY,N,-84.411858,33.762662,0.1665
Drug/Narcotic Violations,10/12/2023 9:51:53 PM,4039 BAKERS FERRY RD SW,0.0,SOCIETY,N,-84.520196,33.754768,0.1665
Shoplifting,10/12/2023 9:54:44 PM,2711 METROPOLITAN PKWY SW,0.0,PROPERTY,N,-84.408168,33.680569,0.1332
Shoplifting,10/12/2023 9:56:05 PM,825 MARTIN L KING JR DR NW,0.0,PROPERTY,N,-84.41378,33.754877,0.1332
Drug/Narcotic Violations,10/12/2023 9:59:17 PM,LEE ST SW / YORK AVE SW,0.0,SOCIETY,N,-84.414077,33.737062,0.1665
Simple Assault,10/12/2023 9:59:53 PM,126 CLEVELAND AVE SW,1.0,PERSON,N,-84.393228,33.680814,0.1332
Identity Theft,10/12/2023 10:22:47 PM,190 MARIETTA ST NW,1.0,PROPERTY,N,-84.394873,33.757567,0.2331
Simple Assault,10/12/2023 10:25:34 PM,2138 PENELOPE ST NW,1.0,PERSON,N,-84.45597,33.753664,0.1332
Credit Card/Automated Teller Machine Fraud,10/12/2023 10:38:20 PM,660 NORTHSIDE DR NW,1.0,PROPERTY,N,-84.408566,33.772548,0.1665
Purse-snatching,10/12/2023 10:48:55 PM,10TH ST NW & WILLIAMS ST NW,1.0,PROPERTY,N,-84.39056,33.78152,0.0999
Weapon Law Violations,10/12/2023 10:49:54 PM,BOOKER AVE SW / ROY ST SW,0.0,SOCIETY,Y,-84.397596,33.724178,0.49950000000000006
Drug/Narcotic Violations,10/12/2023 11:11:22 PM,2477 METROPOLITAN PKWY SW,0.0,SOCIETY,N,-84.408623,33.687106,0.1665
Theft From Motor Vehicle,10/12/2023 11:21:44 PM,582 COOPER ST SW,1.0,PROPERTY,N,-84.396695,33.738883,0.0999
Motor Vehicle Theft,10/12/2023 11:24:29 PM,2015 JOSEPH E BOONE BLVD NW,1.0,PROPERTY,N,-84.452982,33.763999,0.2331
Drug/Narcotic Violations,10/12/2023 11:51:43 PM,3901 CAMPBELLTON RD SW,1.0,SOCIETY,N,-84.515079,33.692648,0.1665
Destruction/Damage/Vandalism of Property,10/13/2023 12:00:00 AM,355 PEACHTREE ST NE,0.0,PROPERTY,N,-84.385925,33.764434,0.1665
Destruction/Damage/Vandalism of Property,10/13/2023 12:13:06 AM,183 MOUNT ZION RD SE,1.0,PROPERTY,N,-84.38459,33.672659,0.1665
Motor Vehicle Theft,10/13/2023 12:17:09 AM,691 14TH ST NW,1.0,PROPERTY,N,-84.411025,33.786402,0.2331
False Pretenses/Swindle/Confidence Game,10/13/2023 12:36:58 AM,3494 DALE LN SW,1.0,PROPERTY,N,-84.503524,33.693814,0.1998
Theft From Motor Vehicle,10/13/2023 1:06:12 AM,451 PARK AVE SE,1.0,PROPERTY,N,-84.370096,33.742207,0.0999
All Other Larceny,10/13/2023 1:12:14 AM,595 PIEDMONT AVE NE,1.0,PROPERTY,N,-84.381175,33.770385,0.1665
Destruction/Damage/Vandalism of Property,10/13/2023 1:23:34 AM,1827 HONEYSUCKLE LN SW,1.0,PROPERTY,N,-84.45315,33.706397,0.1665
Burglary/Breaking & Entering,10/13/2023 1:42:50 AM,1439 WESTRIDGE RD SW,1.0,PROPERTY,N,-84.447127,33.716318,0.1998
Aggravated Assault,10/13/2023 1:47:37 AM,2100 CAMPBELLTON RD SW,1.0,PERSON,Y,-84.456899,33.706432,0.5994
All Other Larceny,10/13/2023 1:50:02 AM,536 BOULEVARD PL NE,1.0,PROPERTY,N,-84.369671,33.770027,0.1665
Aggravated Assault,10/13/2023 1:58:57 AM,935 MARIETTA ST NW,1.0,PERSON,Y,-84.408855,33.778168,0.5994
Shoplifting,10/13/2023 2:10:59 AM,590 CASCADE AVE SW,0.0,PROPERTY,N,-84.434472,33.738254,0.1332
Simple Assault,10/13/2023 2:23:16 AM,523 ROSS ST SW,1.0,PERSON,N,-84.405511,33.702283,0.1332
All Other Larceny,10/13/2023 2:25:59 AM,2178 CAMPBELLTON RD SW,1.0,PROPERTY,N,-84.459471,33.705137,0.1665
Aggravated Assault,10/13/2023 2:43:36 AM,1124 WYLIE ST SE,1.0,PERSON,Y,-84.350137,33.752726,0.5994
Simple Assault,10/13/2023 3:16:49 AM,2870 PHARR COURT SOUTH NW,1.0,PERSON,N,-84.385367,33.833659,0.1332
Aggravated Assault,10/13/2023 3:23:29 AM,74 CANDLELIGHT LN SW,1.0,PERSON,N,-84.520992,33.756532,0.2664
Motor Vehicle Theft,10/13/2023 3:29:42 AM,1738 HOWELL MILL RD NW,1.0,PROPERTY,N,-84.415969,33.80126,0.2331
Stolen Property Offenses,10/13/2023 3:53:13 AM,64 PEACHTREE ST NW,0.0,PROPERTY,N,-84.389105,33.755422,0.1332
Weapon Law Violations,10/13/2023 3:53:13 AM,64 PEACHTREE ST NW,0.0,SOCIETY,N,-84.389105,33.755422,0.1665
Destruction/Damage/Vandalism of Property,10/13/2023 3:53:46 AM,319 OAK DR SE,1.0,PROPERTY,Y,-84.383145,33.668092,0.49950000000000006
Aggravated Assault,10/13/2023 3:53:46 AM,319 OAK DR SE,2.0,PERSON,Y,-84.383145,33.668092,0.5994
Pornography/Obscene Material,10/13/2023 3:57:11 AM,320 FAIRBURN RD SW,1.0,SOCIETY,N,-84.507113,33.744387,0.0333
Theft From Motor Vehicle,10/13/2023 4:11:12 AM,837 GREENWOOD AVE NE,1.0,PROPERTY,N,-84.359979,33.776412,0.0999
Theft From Motor Vehicle,10/13/2023 5:02:06 AM,841 N HIGHLAND AVE NE,2.0,PROPERTY,N,-84.352449,33.777325,0.0999
Motor Vehicle Theft,10/13/2023 5:07:58 AM,327 PETERS ST SW,1.0,PROPERTY,N,-84.403815,33.745857,0.2331
All Other Larceny,10/13/2023 5:08:46 AM,530 ENGLISH AVE NW,1.0,PROPERTY,N,-84.413708,33.769129,0.1665
Theft From Motor Vehicle,10/13/2023 5:10:57 AM,1107 RALPH D ABERNATHY BLVD SW,1.0,PROPERTY,N,-84.424028,33.738798,0.0999
Simple Assault,10/13/2023 5:27:51 AM,898 OAK ST NW,1.0,PERSON,N,-84.463293,33.779759,0.1332
Theft From Motor Vehicle,10/13/2023 5:48:43 AM,3637 HOGAN RD SW,1.0,PROPERTY,N,-84.507669,33.674602,0.0999
Motor Vehicle Theft,10/13/2023 6:16:32 AM,788 W MARIETTA ST NW,1.0,PROPERTY,N,-84.414013,33.779884,0.2331
Theft From Building,10/13/2023 6:35:04 AM,1167 JOSEPH E BOONE BLVD NW,0.0,PROPERTY,N,-84.425651,33.763781,0.1332
Motor Vehicle Theft,10/13/2023 7:55:18 AM,6000 N TERMINAL PKWY,1.0,PROPERTY,N,-84.444165,33.640807,0.2331
Destruction/Damage/Vandalism of Property,10/13/2023 7:58:20 AM,3423 PIEDMONT RD NE,0.0,PROPERTY,N,-84.373341,33.848689,0.1665
Aggravated Assault,10/13/2023 8:06:39 AM,1379 KENILWORTH DR SW,1.0,PERSON,Y,-84.434415,33.717373,0.5994
Simple Assault,10/13/2023 8:07:57 AM,464 CAMERON M ALEXANDER BLVD NW,1.0,PERSON,N,-84.402751,33.76805,0.1332
Motor Vehicle Theft,10/13/2023 8:39:01 AM,717 LEE ST SW,2.0,PROPERTY,N,-84.414365,33.734634,0.2331
Burglary/Breaking & Entering,10/13/2023 8:48:41 AM,1709 SYLVAN RD SW,0.0,PROPERTY,N,-84.418436,33.70829,0.1998
Theft From Coin-Operated Machine or Device,10/13/2023 8:57:12 AM,1630 JONESBORO RD SE,0.0,PROPERTY,N,-84.379793,33.707299,0.0333
Theft From Motor Vehicle,10/13/2023 9:18:52 AM,476 EDGEWOOD AVE NE,1.0,PROPERTY,N,-84.37193,33.754367,0.0999
Shoplifting,10/13/2023 11:15:22 AM,308 JOSEPH E LOWERY BLVD SW,1.0,PROPERTY,N,-84.417428,33.746357,0.1332
Simple Assault,10/13/2023 11:42:22 AM,1155 JOSEPH E BOONE BLVD NW,1.0,PERSON,N,-84.425684,33.763627,0.1332
Burglary/Breaking & Entering,10/13/2023 11:57:54 AM,3030 CONTINENTAL COLONY PKWY SW,1.0,PROPERTY,N,-84.493696,33.680493,0.1998
Motor Vehicle Theft,10/13/2023 12:13:41 PM,174 WOODWARD AVE SE,1.0,PROPERTY,N,-84.382243,33.745752,0.2331
Shoplifting,10/13/2023 12:40:56 PM,725 PONCE DE LEON AVE NE,0.0,PROPERTY,N,-84.363413,33.771707,0.1332
All Other Larceny,10/13/2023 12:52:56 PM,1050 HOWELL MILL RD NW,1.0,PROPERTY,N,-84.412155,33.782985,0.1665
Theft From Motor Vehicle,10/13/2023 1:14:02 PM,986 OGLETHORPE AVE SW,1.0,PROPERTY,N,-84.420113,33.735607,0.0999
Motor Vehicle Theft,10/13/2023 1:17:10 PM,2926 FAIRBURN RD SW,1.0,PROPERTY,N,-84.514153,33.674493,0.2331
Impersonation,10/13/2023 1:22:21 PM,895 BOOKER WASHINGTON DR NW,1.0,PROPERTY,N,-84.416858,33.759293,0.1332
Credit Card/Automated Teller Machine Fraud,10/13/2023 1:22:33 PM,170 BOULEVARD SE,1.0,PROPERTY,N,-84.368859,33.74972,0.1665
All Other Larceny,10/13/2023 1:34:49 PM,239 PONCE DE LEON AVE NE,0.0,PROPERTY,N,-84.379419,33.772514,0.1665
Weapon Law Violations,10/13/2023 2:02:47 PM,7700 SPINE RD,0.0,SOCIETY,N,-84.442465,33.640387,0.1665
Weapon Law Violations,10/13/2023 2:09:03 PM,7062 SPINE RD,0.0,SOCIETY,N,-84.443785,33.640766,0.1665
Theft From Motor Vehicle,10/13/2023 2:27:49 PM,1033 JEFFERSON ST NW,1.0,PROPERTY,N,-84.421094,33.777643,0.0999
Drug/Narcotic Violations,10/13/2023 2:39:28 PM,3181 DONALD LEE HOLLOWELL PKWY NW,0.0,SOCIETY,N,-84.491129,33.786189,0.1665
Motor Vehicle Theft,10/13/2023 2:49:56 PM,3727 STEPHANIE DR SW,1.0,PROPERTY,N,-84.510349,33.674138,0.2331
Destruction/Damage/Vandalism of Property,10/13/2023 2:49:56 PM,3727 STEPHANIE DR SW,1.0,PROPERTY,N,-84.510349,33.674138,0.1665
All Other Larceny,10/13/2023 2:56:15 PM,6000 N TERMINAL PKWY,1.0,PROPERTY,N,-84.444368,33.640311,0.1665
False Pretenses/Swindle/Confidence Game,10/13/2023 2:59:17 PM,857 COLLIER RD NW,1.0,PROPERTY,N,-84.41609,33.810368,0.1998
All Other Larceny,10/13/2023 3:00:26 PM,3554 FAIRBURN PL NW,1.0,PROPERTY,N,-84.503813,33.771695,0.1665
Theft From Motor Vehicle,10/13/2023 3:19:42 PM,3721 HOGAN RD SW,1.0,PROPERTY,N,-84.510494,33.673587,0.0999
Impersonation,10/13/2023 3:22:26 PM,"1260 WOOLMAN PL
HAPEVILLE, GA 30354
UNITED STATES",1.0,PROPERTY,N,-84.420356,33.65398,0.1332
All Other Larceny,10/13/2023 3:24:10 PM,250 PIEDMONT AVE NE,1.0,PROPERTY,N,-84.382297,33.761223,0.1665
Theft From Motor Vehicle,10/13/2023 3:35:57 PM,659 PEACHTREE ST NE,3.0,PROPERTY,N,-84.384488,33.772579,0.0999
False Pretenses/Swindle/Confidence Game,10/13/2023 3:42:07 PM,862 OAKHILL AVE SW,1.0,PROPERTY,N,-84.409106,33.731496,0.1998
Destruction/Damage/Vandalism of Property,10/13/2023 3:42:25 PM,1188 MCLENDON AVE NE,0.0,PROPERTY,N,-84.348718,33.765167,0.1665
Counterfeiting/Forgery,10/13/2023 3:44:01 PM,3438 PEACHTREE RD NE,0.0,PROPERTY,N,-84.364037,33.853072,0.0666
Aggravated Assault,10/13/2023 3:48:42 PM,671 JETT ST NW,1.0,PERSON,N,-84.409371,33.767478,0.2664
Credit Card/Automated Teller Machine Fraud,10/13/2023 4:02:13 PM,2700 PINE TREE RD NE,1.0,PROPERTY,N,-84.359143,33.828418,0.1665
Credit Card/Automated Teller Machine Fraud,10/13/2023 4:02:18 PM,226 PEACHTREE ST SW,1.0,PROPERTY,N,-84.394417,33.748137,0.1665
Impersonation,10/13/2023 4:02:23 PM,1871 PLAZA LN SW,1.0,PROPERTY,N,-84.453136,33.703897,0.1332
Simple Assault,10/13/2023 4:02:32 PM,1550 MONTREAT PL SW,1.0,PERSON,N,-84.438659,33.730209,0.1332
All Other Larceny,10/13/2023 4:07:02 PM,6000 N TERMINAL PKWY,1.0,PROPERTY,N,-84.444165,33.640807,0.1665
Weapon Law Violations,10/13/2023 4:08:39 PM,7700 SPINE RD,0.0,SOCIETY,Y,-84.442465,33.640387,0.49950000000000006
Drug/Narcotic Violations,10/13/2023 4:13:42 PM,1100 FAYETTEVILLE RD SE,0.0,SOCIETY,N,-84.325952,33.724157,0.1665
Credit Card/Automated Teller Machine Fraud,10/13/2023 4:22:07 PM,3060 PHARR COURT NORTH NW,1.0,PROPERTY,N,-84.38467,33.838811,0.1665
Impersonation,10/13/2023 4:22:12 PM,555 WHITEHALL ST SW,1.0,PROPERTY,N,-84.4062,33.743034,0.1332
Impersonation,10/13/2023 4:22:17 PM,455 NORTH AVE NE,1.0,PROPERTY,N,-84.372243,33.770677,0.1332
Credit Card/Automated Teller Machine Fraud,10/13/2023 4:22:22 PM,564 LEE ST SW,1.0,PROPERTY,N,-84.413518,33.739558,0.1665
Credit Card/Automated Teller Machine Fraud,10/13/2023 4:22:28 PM,800 CHEROKEE AVE SE,1.0,PROPERTY,N,-84.371061,33.733884,0.1665
Impersonation,10/13/2023 4:22:44 PM,2111 CAMPBELLTON RD SW,1.0,PROPERTY,N,-84.458,33.706526,0.1332
Impersonation,10/13/2023 4:22:49 PM,150 E WESLEY RD NE,1.0,PROPERTY,N,-84.382325,33.82893,0.1332
Drug/Narcotic Violations,10/13/2023 4:37:48 PM,1073 HOLLYWOOD RD NW,0.0,SOCIETY,N,-84.460297,33.784281,0.1665
Theft From Building,10/13/2023 4:44:46 PM,1871 HOLLYWOOD RD NW,0.0,PROPERTY,N,-84.470862,33.806763,0.1332
False Pretenses/Swindle/Confidence Game,10/13/2023 5:13:47 PM,1212 JAMES JACKSON PKWY NW,1.0,PROPERTY,N,-84.477455,33.789177,0.1998
Theft From Motor Vehicle,10/13/2023 5:26:14 PM,1340 W PEACHTREE ST NW,1.0,PROPERTY,N,-84.388198,33.791457,0.0999
Theft From Motor Vehicle,10/13/2023 5:36:07 PM,567 REED ST SE,3.0,PROPERTY,N,-84.385767,33.738918,0.0999
Impersonation,10/13/2023 5:42:19 PM,136 PRYOR ST SW,1.0,PROPERTY,N,-84.39048,33.750513,0.1332
All Other Larceny,10/13/2023 6:04:29 PM,46 BOULEVARD SE,1.0,PROPERTY,N,-84.371502,33.753051,0.1665
Embezzlement,10/13/2023 6:07:27 PM,2085 MARIETTA BLVD NW,0.0,PROPERTY,N,-84.438495,33.811751,0.1998
Counterfeiting/Forgery,10/13/2023 6:07:27 PM,2085 MARIETTA BLVD NW,0.0,PROPERTY,N,-84.438424,33.811765,0.0666
Murder & Nonnegligent Manslaughter,10/13/2023 6:10:10 PM,360 W PEACHTREE ST NW,1.0,PERSON,Y,-84.387581,33.764334,0.666
Shoplifting,10/13/2023 6:21:05 PM,138 EDGEWOOD AVE NE,0.0,PROPERTY,N,-84.383684,33.754646,0.1332
Drug/Narcotic Violations,10/13/2023 6:30:30 PM,CAMPBELLTON RD SW / DELOWE DR SW,0.0,SOCIETY,N,-84.457378,33.706456,0.1665
Destruction/Damage/Vandalism of Property,10/13/2023 6:39:32 PM,3200 STONE RD SW,1.0,PROPERTY,N,-84.494155,33.669451,0.1665
Shoplifting,10/13/2023 6:52:36 PM,2539 PIEDMONT RD NE,1.0,PROPERTY,N,-84.363466,33.824477,0.1332
Embezzlement,10/13/2023 7:01:46 PM,3377 PEACHTREE RD NE,0.0,PROPERTY,N,-84.366332,33.847791,0.1998
Shoplifting,10/13/2023 7:38:11 PM,2315 GLENWOOD AVE SE,0.0,PROPERTY,N,-84.31149,33.739843,0.1332
Theft From Building,10/13/2023 7:39:06 PM,2430 PIEDMONT RD NE,0.0,PROPERTY,N,-84.367917,33.821753,0.1332
Theft From Motor Vehicle,10/13/2023 7:39:33 PM,1050 HOWELL MILL RD NW,1.0,PROPERTY,N,-84.412155,33.782985,0.0999
Motor Vehicle Theft,10/13/2023 7:58:48 PM,1820 METROPOLITAN PKWY SW,0.0,PROPERTY,N,-84.407919,33.704804,0.2331
All Other Larceny,10/13/2023 8:09:40 PM,250 5TH ST NE,1.0,PROPERTY,N,-84.379126,33.775907,0.1665
False Pretenses/Swindle/Confidence Game,10/13/2023 8:13:13 PM,1020 PIEDMONT AVE NE,1.0,PROPERTY,N,-84.380348,33.782526,0.1998
All Other Larceny,10/13/2023 8:28:49 PM,3651 LENOX RD NE,0.0,PROPERTY,N,-84.373441,33.850181,0.1665
Theft From Motor Vehicle,10/13/2023 8:57:55 PM,931 MCDANIEL ST SW,0.0,PROPERTY,N,-84.401796,33.729437,0.0999
Motor Vehicle Theft,10/13/2023 9:00:46 PM,6011 S TERMINAL BYWY,1.0,PROPERTY,N,-84.445985,33.638857,0.2331
Motor Vehicle Theft,10/13/2023 9:15:54 PM,MARTIN AVE SE / JONESBORO RD SE,1.0,PROPERTY,N,-84.384557,33.717933,0.2331
False Pretenses/Swindle/Confidence Game,10/13/2023 9:16:10 PM,202 LENOX WAY NE,0.0,PROPERTY,N,-84.356183,33.833347,0.1998
False Pretenses/Swindle/Confidence Game,10/13/2023 9:16:10 PM,202 LENOX WAY NE,1.0,PROPERTY,N,-84.356183,33.833347,0.1998
Extortion/Blackmail,10/13/2023 9:16:10 PM,202 LENOX WAY NE,1.0,PROPERTY,N,-84.356183,33.833347,0.2331
Motor Vehicle Theft,10/13/2023 9:27:00 PM,POOLE PL SW / LEE ST SW,1.0,PROPERTY,N,-84.414077,33.739058,0.2331
False Pretenses/Swindle/Confidence Game,10/13/2023 9:34:01 PM,16 MOOREGATE SQ NW,1.0,PROPERTY,N,-84.408341,33.842795,0.1998
Theft From Motor Vehicle,10/13/2023 9:38:02 PM,360 MARIETTA ST NW,1.0,PROPERTY,N,-84.397432,33.763281,0.0999
Theft From Motor Vehicle,10/13/2023 9:43:23 PM,2277 PEACHTREE RD NE,1.0,PROPERTY,N,-84.390367,33.816049,0.0999
Theft From Motor Vehicle,10/13/2023 10:17:32 PM,6023 S TERMINAL PKWY,1.0,PROPERTY,N,-84.44453,33.637998,0.0999
Burglary/Breaking & Entering,10/13/2023 10:24:12 PM,3663 NARRON DR SW,1.0,PROPERTY,N,-84.508168,33.677395,0.1998
Simple Assault,10/13/2023 10:28:11 PM,2469 PIEDMONT RD NE,1.0,PERSON,N,-84.366921,33.82274,0.1332
All Other Larceny,10/13/2023 10:28:11 PM,2469 PIEDMONT RD NE,1.0,PROPERTY,N,-84.366921,33.82274,0.1665
Destruction/Damage/Vandalism of Property,10/13/2023 10:31:48 PM,375 HIGHLAND AVE NE,1.0,PROPERTY,N,-84.376045,33.760934,0.1665
Fondling,10/13/2023 10:39:34 PM,255 COURTLAND ST NE,1.0,PERSON,N,-84.383143,33.761566,0.1665
Aggravated Assault,10/13/2023 10:49:15 PM,2161 KIPLING CIR SE,2.0,PERSON,N,-84.355223,33.696503,0.2664
Theft From Motor Vehicle,10/13/2023 10:50:00 PM,3279 ROSWELL RD NE,0.0,PROPERTY,N,-84.379833,33.844689,0.0999
Burglary/Breaking & Entering,10/13/2023 11:00:00 PM,268 WESTMINSTER DR NE,1.0,PROPERTY,N,-84.371005,33.793922,0.1998
Theft From Motor Vehicle,10/13/2023 11:06:17 PM,80 WHITEHOUSE DR SW,1.0,PROPERTY,N,-84.419609,33.752623,0.0999
Theft From Motor Vehicle,10/13/2023 11:06:55 PM,530 14TH ST NW,3.0,PROPERTY,N,-84.404548,33.786089,0.0999
Simple Assault,10/13/2023 11:12:45 PM,1245 DONNELLY AVE SW,1.0,PERSON,N,-84.428393,33.734374,0.1332
Drug/Narcotic Violations,10/13/2023 11:17:47 PM,1955 COMPTON DR SE,0.0,SOCIETY,Y,-84.385574,33.699937,0.49950000000000006
Aggravated Assault,10/13/2023 11:17:47 PM,1955 COMPTON DR SE,1.0,PERSON,Y,-84.385574,33.699937,0.5994
Destruction/Damage/Vandalism of Property,10/13/2023 11:19:04 PM,GLENN ST SW / CENTRAL AVE SW,2.0,PROPERTY,N,-84.393456,33.738051,0.1665
All Other Larceny,10/13/2023 11:31:01 PM,430 BISHOP ST NW,1.0,PROPERTY,N,-84.401757,33.792792,0.1665
Wire Fraud,10/13/2023 11:36:07 PM,3258 LANDINGS NORTH DR SW,1.0,PROPERTY,N,-84.521273,33.666122,0.1665
False Pretenses/Swindle/Confidence Game,10/13/2023 11:40:39 PM,396 PIEDMONT AVE NE,1.0,PROPERTY,N,-84.382598,33.764905,0.1998
Motor Vehicle Theft,10/13/2023 11:53:51 PM,1205 METROPOLITAN AVE SE,1.0,PROPERTY,N,-84.348045,33.741468,0.2331
Shoplifting,10/14/2023 12:06:13 AM,1683 LAKEWOOD AVE SE,0.0,PROPERTY,N,-84.380351,33.708305,0.1332
Drug/Narcotic Violations,10/14/2023 12:07:48 AM,PIEDMONT RD NE / SIDNEY MARCUS BLVD NE,0.0,SOCIETY,N,-84.367147,33.825758,0.1665
Drug/Narcotic Violations,10/14/2023 12:51:16 AM,3843 JONESBORO RD SE,0.0,SOCIETY,N,-84.366346,33.649352,0.1665
Motor Vehicle Theft,10/14/2023 12:53:29 AM,207 PEACHTREE CENTER AVE NE,1.0,PROPERTY,N,-84.385539,33.760199,0.2331
Theft From Coin-Operated Machine or Device,10/14/2023 12:55:31 AM,307 RICHARDSON ST SW,1.0,PROPERTY,N,-84.397863,33.740868,0.0333
Simple Assault,10/14/2023 1:07:49 AM,2860 MARTIN LUTHER KING JR DR SW,3.0,PERSON,N,-84.481381,33.753997,0.1332
Intimidation,10/14/2023 1:09:41 AM,1155 LAVISTA RD NE,1.0,PERSON,N,-84.350833,33.818028,0.1998
All Other Larceny,10/14/2023 1:22:59 AM,139 LAWTON ST SW,1.0,PROPERTY,N,-84.423366,33.750875,0.1665
Motor Vehicle Theft,10/14/2023 1:26:24 AM,850 OAK ST SW,1.0,PROPERTY,N,-84.416709,33.740528,0.2331
Theft From Motor Vehicle,10/14/2023 1:53:58 AM,1735 DEFOOR PL NW,1.0,PROPERTY,N,-84.421554,33.802245,0.0999
All Other Larceny,10/14/2023 2:06:10 AM,2201 GLENWOOD AVE SE,1.0,PROPERTY,N,-84.315211,33.740079,0.1665
Theft From Motor Vehicle,10/14/2023 2:11:54 AM,400 W PEACHTREE ST NW,0.0,PROPERTY,N,-84.387606,33.766245,0.0999
Motor Vehicle Theft,10/14/2023 2:13:29 AM,970 SPRING ST NW,2.0,PROPERTY,N,-84.389513,33.781246,0.2331
Shoplifting,10/14/2023 2:33:38 AM,2275 MARIETTA BLVD NW,0.0,PROPERTY,N,-84.450344,33.819782,0.1332
Aggravated Assault,10/14/2023 2:49:09 AM,725 PONCE DE LEON AVE NE,1.0,PERSON,N,-84.363316,33.773677,0.2664
Burglary/Breaking & Entering,10/14/2023 4:21:20 AM,1079 SEABOARD AVE NE,1.0,PROPERTY,N,-84.351528,33.757248,0.1998
Theft From Motor Vehicle,10/14/2023 4:37:31 AM,79 W PACES FERRY RD NW,2.0,PROPERTY,N,-84.382242,33.840553,0.0999
Drug/Narcotic Violations,10/14/2023 5:06:02 AM,1570 LAKEWOOD AVE SE,0.0,SOCIETY,N,-84.380131,33.711596,0.1665
Aggravated Assault,10/14/2023 5:27:38 AM,1039 REGENT ST SW,1.0,PERSON,Y,-84.4226,33.700825,0.5994
Simple Assault,10/14/2023 5:28:11 AM,1011 NORTHSIDE DR NW,1.0,PERSON,N,-84.407108,33.783239,0.1332
Rape,10/14/2023 5:30:09 AM,34 JOSEPH E LOWERY BLVD NW,1.0,PERSON,N,-84.41781,33.75571,0.1665
Aggravated Assault,10/14/2023 5:30:09 AM,34 JOSEPH E LOWERY BLVD NW,1.0,PERSON,N,-84.41781,33.75571,0.2664
Burglary/Breaking & Entering,10/14/2023 5:45:45 AM,298 DEERING RD NW,1.0,PROPERTY,N,-84.397626,33.796039,0.1998
Destruction/Damage/Vandalism of Property,10/14/2023 6:01:09 AM,2167 BOLTON DR NW,1.0,PROPERTY,N,-84.44103,33.815771,0.1665
Motor Vehicle Theft,10/14/2023 6:11:43 AM,1105 FOUNTAIN DR SW,1.0,PROPERTY,N,-84.423816,33.751794,0.2331
Theft From Motor Vehicle,10/14/2023 6:14:51 AM,TANNER ST SE / WILLIAM H BORDERS DR SE,1.0,PROPERTY,N,-84.375535,33.753642,0.0999
Theft From Motor Vehicle,10/14/2023 6:31:57 AM,841 N HIGHLAND AVE NE,1.0,PROPERTY,N,-84.352449,33.777325,0.0999
Theft From Motor Vehicle,10/14/2023 6:32:29 AM,1055 HOWELL MILL RD NW,1.0,PROPERTY,N,-84.41125,33.783184,0.0999
Shoplifting,10/14/2023 7:05:13 AM,1371 MARKET ST NW,0.0,PROPERTY,N,-84.394658,33.792096,0.1332
Simple Assault,10/14/2023 7:40:11 AM,2400 CAMPBELLTON RD SW,1.0,PERSON,N,-84.465643,33.703613,0.1332
Theft From Motor Vehicle,10/14/2023 8:02:30 AM,1529 MONROE DR NE,2.0,PROPERTY,N,-84.368215,33.796376,0.0999
Theft From Motor Vehicle,10/14/2023 8:11:23 AM,90 COURTLAND ST NE,1.0,PROPERTY,N,-84.384139,33.755823,0.0999
Destruction/Damage/Vandalism of Property,10/14/2023 8:30:43 AM,839 FOX ST NW,1.0,PROPERTY,N,-84.414878,33.772385,0.1665
Intimidation,10/14/2023 8:42:50 AM,1355 RALPH DAVID ABERNATHY BLVD SW,1.0,PERSON,N,-84.432039,33.739304,0.1998
Theft From Motor Vehicle,10/14/2023 9:34:47 AM,763 TRABERT AVE NW,1.0,PROPERTY,N,-84.413392,33.794863,0.0999
Theft From Motor Vehicle,10/14/2023 10:14:57 AM,3771 ROSWELL RD NE,1.0,PROPERTY,N,-84.381491,33.857588,0.0999
Simple Assault,10/14/2023 10:35:55 AM,2300 GLENWOOD AVE SE,1.0,PERSON,N,-84.312008,33.740152,0.1332
Impersonation,10/14/2023 10:42:10 AM,80 JESSE HILL JR DR SE,1.0,PROPERTY,N,-84.382016,33.751847,0.1332
Theft From Motor Vehicle,10/14/2023 11:42:20 AM,300 TED TURNER DR NW,1.0,PROPERTY,N,-84.389616,33.762622,0.0999
Destruction/Damage/Vandalism of Property,10/14/2023 11:42:20 AM,300 TED TURNER DR NW,1.0,PROPERTY,N,-84.389616,33.762622,0.1665
All Other Larceny,10/14/2023 12:01:19 PM,3599 MARTIN L KING JR DR NW,1.0,PROPERTY,N,-84.504326,33.759332,0.1665
Theft From Motor Vehicle,10/14/2023 12:16:27 PM,3589 STONE RD SW,1.0,PROPERTY,N,-84.505459,33.678149,0.0999
Theft From Motor Vehicle,10/14/2023 12:34:45 PM,181 PEACHTREE ST NE,1.0,PROPERTY,N,-84.387199,33.758614,0.0999
All Other Larceny,10/14/2023 12:34:55 PM,6000 N TERMINAL PKWY,1.0,PROPERTY,N,-84.444368,33.640311,0.1665
Destruction/Damage/Vandalism of Property,10/14/2023 12:37:04 PM,572 HANK AARON DR SE,1.0,PROPERTY,N,-84.387715,33.737862,0.1665
Theft From Motor Vehicle,10/14/2023 1:02:38 PM,2798 PEEK RD NW,1.0,PROPERTY,N,-84.478162,33.777387,0.0999
Motor Vehicle Theft,10/14/2023 1:15:36 PM,3000 HEADLAND DR SW,1.0,PROPERTY,N,-84.486573,33.689227,0.2331
Destruction/Damage/Vandalism of Property,10/14/2023 1:22:13 PM,1201 PEACHTREE ST NE,0.0,PROPERTY,N,-84.382901,33.78761,0.1665
False Pretenses/Swindle/Confidence Game,10/14/2023 1:22:28 PM,3440 PEACHTREE RD NE,1.0,PROPERTY,N,-84.362411,33.851937,0.1998
Theft From Motor Vehicle,10/14/2023 1:38:10 PM,17 BAKER ST NW,1.0,PROPERTY,N,-84.388253,33.762802,0.0999
Counterfeiting/Forgery,10/14/2023 1:40:05 PM,595 PIEDMONT AVE NE,1.0,PROPERTY,N,-84.381175,33.770385,0.0666
Impersonation,10/14/2023 1:42:06 PM,226 PEACHTREE ST SW,1.0,PROPERTY,N,-84.394417,33.748137,0.1332
False Pretenses/Swindle/Confidence Game,10/14/2023 1:42:11 PM,500 10TH ST NE,0.0,PROPERTY,N,-84.36928,33.782203,0.1998
All Other Larceny,10/14/2023 1:50:11 PM,6000 N TERMINAL PKWY,1.0,PROPERTY,N,-84.444368,33.640311,0.1665
Aggravated Assault,10/14/2023 2:12:32 PM,1100 ASTOR AVE SW,1.0,PERSON,N,-84.424346,33.70149,0.2664
False Pretenses/Swindle/Confidence Game,10/14/2023 2:22:11 PM,2525 PIEDMONT RD NE,1.0,PROPERTY,N,-84.36316,33.824305,0.1998
False Pretenses/Swindle/Confidence Game,10/14/2023 2:22:28 PM,199 MITCHELL ST SW,1.0,PROPERTY,N,-84.394058,33.751802,0.1998
Simple Assault,10/14/2023 2:28:23 PM,808 CELESTE LN SW,1.0,PERSON,N,-84.507147,33.740459,0.1332
All Other Larceny,10/14/2023 2:29:58 PM,741 MOROSGO DR NE,1.0,PROPERTY,N,-84.364297,33.822661,0.1665
Credit Card/Automated Teller Machine Fraud,10/14/2023 2:42:12 PM,2001 SYLVAN RD SW,1.0,PROPERTY,N,-84.419753,33.700027,0.1665
Impersonation,10/14/2023 2:42:22 PM,556 MAGNOLIA ST NW,1.0,PROPERTY,N,-84.405862,33.757517,0.1332
False Pretenses/Swindle/Confidence Game,10/14/2023 2:42:27 PM,617 GRIFFIN ST NW,1.0,PROPERTY,N,-84.411215,33.77155,0.1998
Destruction/Damage/Vandalism of Property,10/14/2023 2:48:55 PM,504 AMSTERDAM AVE NE,1.0,PROPERTY,N,-84.369794,33.78834,0.1665
Motor Vehicle Theft,10/14/2023 2:53:06 PM,631 LAWTON ST SW,1.0,PROPERTY,N,-84.423411,33.737756,0.2331
,,"<[OK] Osm - Geocode [Georgia Tech, Ferst Drive Northwest, Atlanta, Fulton County, Georgia, 30332, United States]>",,Credit Card/Automated Teller Machine Fraud,Firearms Present,-84.39884086001581,33.776033,1
,,"<[OK] Osm - Geocode [Georgia Tech, Ferst Drive Northwest, Atlanta, Fulton County, Georgia, 30332, United States]>",,Type of Crime,Firearms Present,-84.39884086001581,33.776033,1
,,"<[OK] Osm - Geocode [Atlanta, Fulton County, Georgia, United States]>",,Type of Crime,Firearms Present,-84.3902644,33.7489924,1
,,,,Type of Crime,Firearms Present,-84.3902644,33.7489924,1
